{
  "grid": {
    "r2": 0.9420354682645737,
    "rmse": 7.058769496495264,
    "time_s": 91.57042808298138,
    "dims": 8,
    "eval_points": 100,
    "trial_scores": [
      0.5435196279100437,
      0.556595996157642,
      0.9185426350602155,
      0.9152657481431872,
      0.8406990048646857,
      0.7158282670335199,
      0.8447328465362712,
      0.9120219744407069,
      0.8114809839049671,
      0.9250842113527268,
      0.7168425370238701,
      0.4109500208753522,
      0.8008422198905715,
      0.9092825991178755,
      0.9132517327209854,
      0.9180640162573289,
      0.4154641000533352,
      0.9066226572660029,
      0.9252832480957393,
      0.9106188926036577,
      0.8400473517303116,
      0.9242779178486425,
      0.9201993921673468,
      0.3922469308667569,
      0.8824393227711149,
      0.9176266494849515,
      0.9108945892640042,
      0.7707779371367282,
      0.9132276862570622,
      0.9260394221038551,
      0.6503079554901652,
      0.9213194770417186,
      0.5428458080225065,
      0.9233559142125856,
      0.9256779598869905,
      0.8723713132476701,
      0.7268912511222091,
      0.9280307979432533,
      0.9121219447029546,
      0.7158282670335199,
      0.9096867877566813,
      0.8008422198905715,
      0.9074262658297957,
      0.8813865956883461,
      0.9262524467705768,
      0.9076958740782731,
      0.8065435498103591,
      0.5568188546169536,
      0.9276625450180314,
      0.934110597284101,
      0.48505803761772087,
      0.7207125531906335,
      0.9297635233691776,
      0.9215258327953278,
      0.8763171975614257,
      0.9262524467705768,
      0.9059797459325457,
      0.9066370439764823,
      0.8795296050289192,
      0.6595031681936762,
      0.8854529718419174,
      0.913893259083736,
      0.927935259715838,
      0.928086467956658,
      0.9160759983432349,
      0.8779674834442467,
      0.9120219744407069,
      0.9262496008731634,
      0.9334703767855657,
      0.47929530492770733,
      0.8400473517303116,
      0.9334703767855657,
      0.9147482451440303,
      0.9196154394494421,
      0.6472861649579271,
      0.8469888986815604,
      0.927053683676942,
      0.9092355722329367,
      0.9178991794961856,
      0.9178572830120588,
      0.9304227820186298,
      0.9281865912133481,
      0.9196154394494421,
      0.8714323570028565,
      0.9118814055212073,
      0.9236265679676278,
      0.9182663871158364,
      0.909406987871341,
      0.9233559142125856,
      0.5456935276645059,
      0.9170648589811595,
      0.9180640162573289,
      0.4918763229168384,
      0.4791578092344126,
      0.7209130202913235,
      0.7629615040670571,
      0.8763171975614257,
      0.8071399074793163,
      0.9233876250071811,
      0.9122929059421664
    ],
    "best_curve": [
      0.5435196279100437,
      0.556595996157642,
      0.9185426350602155,
      0.9185426350602155,
      0.9185426350602155,
      0.9185426350602155,
      0.9185426350602155,
      0.9185426350602155,
      0.9185426350602155,
      0.9250842113527268,
      0.9250842113527268,
      0.9250842113527268,
      0.9250842113527268,
      0.9250842113527268,
      0.9250842113527268,
      0.9250842113527268,
      0.9250842113527268,
      0.9250842113527268,
      0.9252832480957393,
      0.9252832480957393,
      0.9252832480957393,
      0.9252832480957393,
      0.9252832480957393,
      0.9252832480957393,
      0.9252832480957393,
      0.9252832480957393,
      0.9252832480957393,
      0.9252832480957393,
      0.9252832480957393,
      0.9260394221038551,
      0.9260394221038551,
      0.9260394221038551,
      0.9260394221038551,
      0.9260394221038551,
      0.9260394221038551,
      0.9260394221038551,
      0.9260394221038551,
      0.9280307979432533,
      0.9280307979432533,
      0.9280307979432533,
      0.9280307979432533,
      0.9280307979432533,
      0.9280307979432533,
      0.9280307979432533,
      0.9280307979432533,
      0.9280307979432533,
      0.9280307979432533,
      0.9280307979432533,
      0.9280307979432533,
      0.934110597284101,
      0.934110597284101,
      0.934110597284101,
      0.934110597284101,
      0.934110597284101,
      0.934110597284101,
      0.934110597284101,
      0.934110597284101,
      0.934110597284101,
      0.934110597284101,
      0.934110597284101,
      0.934110597284101,
      0.934110597284101,
      0.934110597284101,
      0.934110597284101,
      0.934110597284101,
      0.934110597284101,
      0.934110597284101,
      0.934110597284101,
      0.934110597284101,
      0.934110597284101,
      0.934110597284101,
      0.934110597284101,
      0.934110597284101,
      0.934110597284101,
      0.934110597284101,
      0.934110597284101,
      0.934110597284101,
      0.934110597284101,
      0.934110597284101,
      0.934110597284101,
      0.934110597284101,
      0.934110597284101,
      0.934110597284101,
      0.934110597284101,
      0.934110597284101,
      0.934110597284101,
      0.934110597284101,
      0.934110597284101,
      0.934110597284101,
      0.934110597284101,
      0.934110597284101,
      0.934110597284101,
      0.934110597284101,
      0.934110597284101,
      0.934110597284101,
      0.934110597284101,
      0.934110597284101,
      0.934110597284101,
      0.934110597284101,
      0.934110597284101
    ]
  },
  "random": {
    "r2": 0.9394886011763014,
    "rmse": 7.212177898058539,
    "time_s": 26.247041166992858,
    "dims": 8,
    "eval_points": 100,