Method,Target CV R2,Peak CV R2,Eval Needed,Est. Time To Hit (s),Final R2,Final RMSE
Grid,0.965,0.9652524986870415,25,5.763928302250861,0.9659481096131213,4.999001408817651
Random,0.965,0.9652531265358183,4,0.8851555633591488,0.9664253600729497,4.963846323662205
Optuna,0.965,0.9653643885759493,11,4.4459817096203915,0.9661592746446852,4.983477220437165
