Method,Dims,R2,RMSE,Time (s),Evals,CV Fits
Baseline,0,0.9175785773463454,8.417204673233874,0.3771109579829499,1,1
Grid,8,0.9420354682645737,7.058769496495264,91.57042808298138,100,300
Random,8,0.9394886011763014,7.212177898058539,26.247041166992858,100,300
Optuna,8,0.9436002772744158,6.9628384489142885,45.20927649998339,100,300
