{
  "grid": {
    "protocol": "shared 3-param space \u00b7 3-fold CV \u00b7 100-eval budget",
    "r2": 0.9659481096131213,
    "rmse": 4.999001408817651,
    "time_s": 23.055713209003443,
    "eval_points": 100,
    "cv_fits": 300,
    "trial_scores": [
      0.8347625464264036,
      0.8962897303881041,
      0.9223397526839209,
      0.9420010960593123,
      0.9523807022008391,
      0.8809033663105886,
      0.9276714953852228,
      0.9459674986108642,
      0.9572902388235894,
      0.9617805108845504,
      0.923104357882785,
      0.9467106644820601,
      0.9566751491107164,
      0.9623437545913619,
      0.9644651122401212,
      0.9463255277431593,
      0.9594778570800483,
      0.9632190044420472,
      0.9646287398248964,
      0.9647536995125879,
      0.9469438079588454,
      0.9590260780497056,
      0.9630891784410137,
      0.9648594735224941,
      0.9651096796481703,
      0.9595567445026435,
      0.9639114447891299,
      0.9645613189112198,
      0.9645250320470238,
      0.9642857586506276,
      0.9526413645633173,
      0.9617221178664964,
      0.9643370195832928,
      0.9651659449827615,
      0.9651994163003078,
      0.9617413083895351,
      0.9642627514221309,
      0.9645187514784279,
      0.9643316195479282,
      0.9641209819953619,
      0.9566570122957603,
      0.963159156234673,
      0.9649111988924722,
      0.9652524986870415,
      0.9652188652353484,
      0.9629039576758155,
      0.9641185421495262,
      0.9641193141683756,
      0.9638970671018469,
      0.9635657697926944,
      0.9589286179591792,
      0.9640523315802524,
      0.9650391601472471,
      0.965124336301724,
      0.9649507469891061,
      0.9638156441197999,
      0.9645488467551472,
      0.9644094438175324,
      0.9640148217587429,
      0.9637190854715922,
      0.9611671850586693,
      0.9645906495227036,
      0.9650792821197461,
      0.9650955921208074,
      0.9650121929804841,
      0.9640135717501209,
      0.9641580432750333,
      0.9638615188558824,
      0.9634385056564468,
      0.9631991910824004,
      0.9631450089079284,
      0.9649615034439579,
      0.9649719157446376,
      0.9649340961022576,
      0.9648701362241233,
      0.9640948972147848,
      0.9639403471970075,
      0.963693990228777,
      0.9632957746643651,
      0.9628763272519404,
      0.9639261605043316,
      0.9643547725411578,
      0.9643729155766433,
      0.9642789607622753,
      0.9642606064648445,
      0.9638792166629898,
      0.96347959108216,
      0.9630737331765182,
      0.962679936422402,
      0.9621024554111642,
      0.9642620558489163,
      0.96441521611824,
      0.9642740083564965,
      0.9641357779911915,
      0.9641139379984397,
      0.9638533299938133,
      0.9633938276870594,
      0.9628384106054878,
      0.9621788998544311,
      0.9615720904540517
    ],
    "best_curve": [
      0.8347625464264036,
      0.8962897303881041,
      0.9223397526839209,
      0.9420010960593123,
      0.9523807022008391,
      0.9523807022008391,
      0.9523807022008391,
      0.9523807022008391,
      0.9572902388235894,
      0.9617805108845504,
      0.9617805108845504,
      0.9617805108845504,
      0.9617805108845504,
      0.9623437545913619,
      0.9644651122401212,
      0.9644651122401212,
      0.9644651122401212,
      0.9644651122401212,
      0.9646287398248964,
      0.9647536995125879,
      0.9647536995125879,
      0.9647536995125879,
      0.9647536995125879,
      0.9648594735224941,
      0.9651096796481703,
      0.9651096796481703,
      0.9651096796481703,
      0.9651096796481703,
      0.9651096796481703,
      0.9651096796481703,
      0.9651096796481703,
      0.9651096796481703,
      0.9651096796481703,
      0.9651659449827615,
      0.9651994163003078,
      0.9651994163003078,
      0.9651994163003078,
      0.9651994163003078,
      0.9651994163003078,
      0.9651994163003078,
      0.9651994163003078,
      0.9651994163003078,
      0.9651994163003078,
      0.9652524986870415,
      0.9652524986870415,
      0.9652524986870415,
      0.9652524986870415,
      0.9652524986870415,
      0.9652524986870415,
      0.9652524986870415,
      0.9652524986870415,
      0.9652524986870415,
      0.9652524986870415,
      0.9652524986870415,
      0.9652524986870415,
      0.9652524986870415,
      0.9652524986870415,
      0.9652524986870415,
      0.9652524986870415,
      0.9652524986870415,
      0.9652524986870415,
      0.9652524986870415,
      0.9652524986870415,
      0.9652524986870415,
      0.9652524986870415,
      0.9652524986870415,
      0.9652524986870415,
      0.9652524986870415,
      0.9652524986870415,
      0.9652524986870415,
      0.9652524986870415,
      0.9652524986870415,
      0.9652524986870415,
      0.9652524986870415,
      0.9652524986870415,
      0.9652524986870415,
      0.9652524986870415,
      0.9652524986870415,
      0.9652524986870415,
      0.9652524986870415,
      0.9652524986870415,
      0.9652524986870415,
      0.9652524986870415,
      0.9652524986870415,
      0.9652524986870415,
      0.9652524986870415,
      0.9652524986870415,
      0.9652524986870415,
      0.9652524986870415,
      0.9652524986870415,
      0.9652524986870415,
      0.9652524986870415,
      0.9652524986870415,
      0.9652524986870415,
      0.9652524986870415,
      0.9652524986870415,
      0.9652524986870415,
      0.9652524986870415,
      0.9652524986870415,
      0.9652524986870415
    ]
  },
  "random": {
    "protocol": "shared 3-param space \u00b7 3-fold CV \u00b7 100-eval budget",
    "r2": 0.9664253600729497,
    "rmse": 4.963846323662205,
    "time_s": 22.12888908397872,
    "eval_points": 100,
    "cv_fits": 300,