Method,Dims Searched,Target CV R2,Peak CV R2,Eval Needed,Est. Time To Hit (s),Final R2,Final RMSE
Grid,8,0.927,0.934110597284101,38,34.796762671532925,0.9420354682645737,7.058769496495264
Random,8,0.927,0.9330292711463631,27,7.086701115088072,0.9394886011763014,7.212177898058539
Optuna,8,0.927,0.9358841907238281,7,3.1646493549988373,0.9436002772744158,6.9628384489142885
